{"cameraMode":{"drawMode":0,"name":"Shaded","section":"Shading Mode"},"sceneLighting":false,"audioPlay":false,"sceneViewState":{"showFog":true,"showMaterialUpdate":false,"showSkybox":false,"showFlares":true,"showImageEffects":true,"showParticleSystems":true},"in2DMode":false,"pivot":{"x":-0.8470859527587891,"y":1.6835055351257325,"z":35.0},"rotation":{"x":0.10582505166530609,"y":-0.8941640853881836,"z":0.31017303466796877,"w":0.30507194995880129},"size":5.931301116943359,"orthographic":false}