{"cameraMode":{"drawMode":0,"name":"Shaded","section":"Shading Mode"},"sceneLighting":true,"audioPlay":false,"sceneViewState":{"showFog":false,"showMaterialUpdate":false,"showSkybox":false,"showFlares":false,"showImageEffects":false,"showParticleSystems":false},"in2DMode":false,"pivot":{"x":5.130000114440918,"y":1.6799999475479127,"z":51.470001220703128},"rotation":{"x":-0.11606395989656449,"y":-0.16135813295841218,"z":0.01911226101219654,"w":-0.9798652529716492},"size":12.958141326904297,"orthographic":false}